<component name="movieScene" extends="Group">

    <interface>
        <function name="keyEvent" />
        <field id="capitulos" type="array" />
        <field id="movie" type="assocarray" />
    </interface>

    <children>

        <Group>
            <Rectangle width="1280" height="720" color="0x000000" /> 
            <Poster width="1280" height="720" id="movie_background" />
            <Rectangle width="1280" height="720" color="0x000000A0" /> 
        </Group>
        
        <Poster width="300" height="400" id="movie_poster" translation="[180,200]"/>
        <Label translation="[540,200]" id="movie_category" width="600"/>
        <Label width="600" height="250" translation="[540,240]"
            id="movie_descricion" wrap="true"/>
        <OverHang id="movie_nombre" color="0x00000000" />

        <Group>
            <Group id="btn_play" translation="[540,540]">
                <Rectangle color="0xFFFFFF" width="200" height="50"/>
                <Label color="0x000000" translation="[15,15]" text="Reproducir"/>
            </Group>
            <Group id="btn_back" translation="[820,540]">
                <Rectangle color="0xFFFFFF" width="200" height="50"/>
                <Label color="0x000000" translation="[100,15]" text="Atras"/>
            </Group>
        </Group>

    </children>

    <script type="text/brightscript" uri="event.brs" />  
    <script type="text/brightscript" uri="movie.brs" />    

</component>